yes	X or Y	bad	indifferent	bad - good	(\bbad) or (?!good)(\b\w+)	 " She's confident with me as the manager, and I plan to communicate with her and offer my assessments of what's going on: good, 	bad or indifferent.
yes	X and Y	small	ribby	large - small	(\bsmall) and (?!large)(\b\w+)	 19 @ @ @ @ @ @ @ @ @ @ just 12 weeks, and Summer Squall, a 	small and ribby	 colt who always outruns his looks, is showing some strain.
yes	X or Y	time	temporary	permanent - temporary	(?!permanent)(\b\w+) or (\btemporary)	 All but two of her staff are part-	time or temporary	 workers.
yes	X and Y	privileged	soft	hard - soft	(?!hard)(\b\w+) and (\bsoft)	 It is largely a class rivalry, with the Teaneck blacks being seen as 	privileged and soft.
yes	X and Y	small	other	large - small	(\bsmall) and (?!large)(\b\w+)	 The witness paid little attention to the gun at the time because it was so 	small and other	 youths were saying derisively, " it's not real, it's a fake.
yes	X and Y	small	cramped	large - small	(\bsmall) and (?!large)(\b\w+)	 The rooms themselves, unfortunately, are 	small and cramped.
yes	X or Y	public	private	private - public	(public) or (private)	 Facing cuts in academic departments and programs, its students andfaculty members are trying something rarely done in higher education, 	public or private.
yes	X or Y	large	complicated	large - small	(\blarge) or (?!small)(\b\w+)	 But when sales are 	large or complicated, or the market is in flux, negotiations may allow the city to sell bonds paying slightly less interest.
yes	X and Y	dry	cool	dry - wet	(\bdry) and (?!wet)(\b\w+)	 The summer was 	dry and cool.
yes	X and Y	true	lasting	false - true	(\btrue) and (?!false)(\b\w+)	 " This is the realpolitik that could produce another war, not a 	true and lasting	 peace.
yes	X and Y	new	improved	new - old	(\bnew) and (?!old)(\b\w+)	 Jesse Jackson won millions of primary votes decrying the " economic violence " of the Reagan years, but party power brokers were so frightened by the Republican Party chairman Lee Atwater's 	new and improved	 version of Mr.
yes	X and Y	low	public	private - public	(?!private)(\b\w+) and (\bpublic)	 Soviet living standards are so 	low and public	 pressure to raise supplies of consumer goods is so overwhelming that the Soviet Government has to adopt sustained cuts in defense.
yes	X and Y	low	public	high - low	(\blow) and (?!high)(\b\w+)	 Soviet living standards are so 	low and public	 pressure to raise supplies of consumer goods is so overwhelming that the Soviet Government has to adopt sustained cuts in defense.
yes	X and Y	large	important	large - small	(\blarge) and (?!small)(\b\w+)	 Mandela - that homicide is a " 	large and important	 health problem, " in the judgment of Dr.
yes	X and Y	poor	middle	poor - rich	(\bpoor) and (?!rich)(\b\w+)	 Bush was willing, however, to accept a gasoline tax and " sin taxes " on whisky, beer and cigarettes - all of which bear down hardest on the 	poor and middle	 class.
yes	X and Y	good	full	bad - good	(\bgood) and (?!bad)(\b\w+)	 Some may come up with higher figures, but this is what we think is a 	good and full	 program to give them the help they need right now.
yes	X and Y	good	valuable	bad - good	(\bgood) and (?!bad)(\b\w+)	 There has been much that is really 	good and valuable	 in it, particularly after the war.
yes	X and Y	important	difficult	difficult - easy	(?!easy)(\b\w+) and (\bdifficult)	 First of all, I think that the work about such 	important and difficult	 points that we did does not only touch our two peoples, but all Europeans, and that it also touches the world public.
yes	X and Y	embarrassing	difficult	difficult - easy	(?!easy)(\b\w+) and (\bdifficult)	 At a minimum, it will be 	embarrassing and difficult.
yes	X and Y	long	vigorous	long - short	(\blong) and (?!short)(\b\w+)	 Teller was still the weapon's primary inventor by virtue of the many ideas he contributed and his 	long and vigorous	 support for its development.
yes	both X and Y	rich	poor	poor - rich	both (rich) and (poor)	 and the National Urban League draw criticism from 	both rich and poor	 blacks.
yes	X and Y	rich	poor	poor - rich	(rich) and (poor)	 and the National Urban League draw criticism from both 	rich and poor	 blacks.
yes	X and Y	old	gray	new - old	(\bold) and (?!new)(\b\w+)	 " I think when I'm 	old and gray, people will say,'This is one of the greatest things you did as Governor,'" Mr.
yes	X and Y	private	public	private - public	(private) and (public)	 Moreover, it was adopted as the model for scores of 	private and public	 psychiatric hospitals.
yes	X and Y	cheap	small	large - small	(?!large)(\b\w+) and (\bsmall)	 Townsend, chief of detectives for the Chicago Police Department, said: " People used to use Saturday night specials, which were 	cheap and small	 and did n't do as much damage as these big guns are doing.
yes	X and Y	long	bumpy	long - short	(\blong) and (?!short)(\b\w+)	 Nixon's supporters about his image as they prepared to open a library that can not avoid the rough spots in his 	long and bumpy	 career.
yes	from X to Y	dormant	active	active - passive	from (?!passive)(\b\w+) to (\bactive)	 They are worried that the number of these cases will rise as people who have become infected with the tuberculosis germ convert 	from dormant to active	 disease as they age.
yes	X and Y	ebullient	optimistic	optimistic - pessimistic	(?!pessimistic)(\b\w+) and (\boptimistic)	 This 	ebullient and optimistic	 man appears distracted.
yes	X and Y	new	resounding	new - old	(\bnew) and (?!old)(\b\w+)	 Friendly, Murrow opened a 	new and resounding	 chapter for himself and for broadcast news.
yes	X and Y	Federal	private	private - public	(?!public)(\b\w+) and (\bprivate)	 And the number of record keepers has risen sharply as hospitals and doctors have scrambled to meet demands for paperwork from 	Federal and private	 insurers.
yes	X and Y	Federal	private	private - public	(?!public)(\b\w+) and (\bprivate)	 They argue that because 	Federal and private	 insurers have in recent decades paid most of the medical bills, patients and health-care providers have seen little reason to hold back on expenses.
yes	X and Y	large	elaborate	large - small	(\blarge) and (?!small)(\b\w+)	 Rather than establishing a 	large and elaborate	 network of branches to solicit deposits, he advertised high interest rates on deposits to attract funds from all over the country by mail, phone and computer.
yes	X and Y	private	public	private - public	(private) and (public)	 After all, roughly 300 	private and public	 high schools in the New York metropolitan area hold proms during the prime prom months of May and June.
yes	X and Y	heavy	slow	heavy - light	(\bheavy) and (?!light)(\b\w+)	 The memory devices were 	heavy and slow.
yes	X and Y	heavy	slow	fast - slow	(?!fast)(\b\w+) and (\bslow)	 The memory devices were 	heavy and slow.
yes	X and Y	large	luxury	large - small	(\blarge) and (?!small)(\b\w+), operations will focus on 	large and luxury	 products.
yes	X and Y	Exhausted	cold	cold - hot	(?!hot)(\b\w+) and (\bcold)	 	Exhausted and cold, the old man and the horse fought their way onto a sand bar that led across a small tributary.
yes	X and Y	new	unified	new - old	(\bnew) and (?!old)(\b\w+)	 Rakowski has strongly endorsed the need for a 	new and unified	 leftist movement - a split would lead to self-destruction.
yes	X and Y	thick	heavy	heavy - light	(?!light)(\b\w+) and (\bheavy)	 I'd worn sweat socks - 	thick and heavy	 - but still the numbing worsened.
yes	X and Y	private	public	private - public	(private) and (public)	 The truth is, we really do need one another if we are going to make it through this life in both our 	private and public	 capacities.
yes	both X and Y	male	female	female - male	both (male) and (female)	 Since Kabuki is traditionally performed only by men, it is necessary for them to perfect the skill of representing 	both male and female	 characters.
yes	X and Y	male	female	female - male	(male) and (female)	 Since Kabuki is traditionally performed only by men, it is necessary for them to perfect the skill of representing both 	male and female	 characters.
yes	X and Y	subtle	slow	fast - slow	(?!fast)(\b\w+) and (\bslow)	 Noh theater produced some of the most serene classic dramas of Japanese literature - plays that are infinitely 	subtle and slow, combining dialogue, poetry, song, chant, music, and dance.
yes	X and Y	private	nonprofit	private - public	(\bprivate) and (?!public)(\b\w+)	 With the help of US and European 	private and nonprofit	 concerns interested in rain forest products (and in halting the forests'destruction), these small communities are extracting materials and selling them abroad.
yes	X and Y	subtle	difficult	difficult - easy	(?!easy)(\b\w+) and (\bdifficult)	 But here we are stumbling around the world, trying to set up communication patterns that are extremely 	subtle and difficult	 for an outsider to learn and break into.
yes	X and Y	cloudy	cold	cold - hot	(?!hot)(\b\w+) and (\bcold)	 It was certain to be 	cloudy and cold	 much of the time wherever your stayed, even in Etretat, beautiful as that is.
yes	X and Y	young	old	new - old	(?!new)(\b\w+) and (\bold)	 More and more, across the United States, college students - 	young and old	 - are opting to let technology instead of people transport information.
yes	X and Y	rich	gooey	poor - rich	(\brich) and (?!poor)(\b\w+)	 real 	rich and gooey	 with a large amount of calories.
yes	X and Y	heavy	practical	heavy - light	(\bheavy) and (?!light)(\b\w+)	 Perhaps all Amsterdammers think their bicycles beautiful, whatever their vintage, however buckled and scraped, however 	heavy and practical.
yes	X and Y	social	public	private - public	(?!private)(\b\w+) and (\bpublic)	 Over the years, city planners have become immersed in 	social and public	 policy issues, shying away from aesthetic values, explains Krieger.
yes	either X or Y	cold	hot	cold - hot	either (cold) or (hot)	 Use lightweight food containers and bring several packs; one for cold items, one for hot, one for the food that does n't need 	either cold or hot, and one for the nonfood items.
yes	X or Y	cold	hot	cold - hot	(cold) or (hot)	 Use lightweight food containers and bring several packs; one for cold items, one for hot, one for the food that does n't need either 	cold or hot, and one for the nonfood items.
yes	X and Y	young	old	new - old	(?!new)(\b\w+) and (\bold)	 His relationship with 	young and old	 family members grows increasingly complex, leading to a conclusion that's remarkably wry, sad, and funny - all at the same time.
yes	X and Y	simple	easy	difficult - easy	(?!difficult)(\b\w+) and (\beasy)	 The French meanwhile were more apt to consider nature as Rousseau had done, in the context of social justice - the English approach was 	simple and easy.
yes	both X and Y	secure	easy	difficult - easy	both (?!difficult)(\b\w+) and (\beasy)	 The locking devices had to be 	both secure and easy.
yes	X and Y	secure	easy	difficult - easy	(?!difficult)(\b\w+) and (\beasy)	 The locking devices had to be both 	secure and easy.
yes	X or Y	good	bad	bad - good	(good) or (bad)	 Still, Nunes says Collor will stay in the newspapers because " he has content, and it does n't matter if it's 	good or bad.
yes	X and Y	difficult	meaningful	difficult - easy	(\bdifficult) and (?!easy)(\b\w+)	 The writers of this book give readers an honest look at what they find exciting and 	difficult and meaningful	 about the art of writing for children.
yes	X and Y	exciting	difficult	difficult - easy	(?!easy)(\b\w+) and (\bdifficult)	 The writers of this book give readers an honest look at what they find 	exciting and difficult	 and meaningful about the art of writing for children.
yes	X or Y	high	primary	high - low	(\bhigh) or (?!low)(\b\w+)	 About half of all parents in Shanghai have only junior 	high or primary	 school education, but the majority expect their children to go to college, official surveys show.
yes	X or Y	hot	spicy	cold - hot	(\bhot) or (?!cold)(\b\w+)	 Bangkok Cuisine, for example, notes on its menu which dishes are 	hot or spicy	 or both (servers have pitchers of water ready!
yes	X and Y	soft	crunchy	hard - soft	(\bsoft) and (?!hard)(\b\w+)	 To this writer, it tastes all at once spicy, sweet, salty, and tangy, with a 	soft and crunchy	 texture (with crushed peanuts added).
yes	X and Y	hot	spicy	cold - hot	(\bhot) and (?!cold)(\b\w+)	 Full-course meals can include: raw fresh vegetables with a dip, soup, a mild dish, a 	hot and spicy	 dish, perhaps a salad, a fried dish (usually fish), and rice.
yes	X and Y	long	thin	long - short	(\blong) and (?!short)(\b\w+)	 Ozal admits that this is " a 	long and thin	 path " that needs a lot of patience and effort.
yes	X and Y	nice	easy	difficult - easy	(?!difficult)(\b\w+) and (\beasy)	 Since the run was n't a race, I told the kids to take it 	nice and easy, but several were eager to show their prowess and took off quickly.
yes	X and Y	alive	well	alive - dead	(\balive) and (?!dead)(\b\w+)	 One plankton-eating cichlid believed to be extinct in the lake is 	alive and well	 at the aquarium, as well as at the University of Leien in the Netherlands and the Oklahoma City Zoo.
yes	X and Y	fast	efficient	fast - slow	(\bfast) and (?!slow)(\b\w+)	 West Germany's postwar prosperity enabled it to build a 	fast and efficient	 transport system.
yes	X and Y	slow	favored	fast - slow	(\bslow) and (?!fast)(\b\w+)	 That policy, officials say, hurt the economy because it was 	slow and favored	 bulk goods.
yes	X and Y	female	single	female - male	(\bfemale) and (?!male)(\b\w+)	 If you're 	female and single, come visit me and see what it's like in the winter.
yes	X and Y	difficult	awkward	difficult - easy	(\bdifficult) and (?!easy)(\b\w+)	 It's a 	difficult and awkward	 status, this waiting: lots of TV-watching, lots of walking the neighborhood streets, lots of boredom.
yes	X or Y	good	bad	bad - good	(good) or (bad)	 Grant, in terms of a nation's concern and its resources - whether times are 	good or bad.
yes	X and Y	large	small	large - small	(large) and (small)	 there was an ownership and strength that you can not get @ @ @ @ @ @ @ @ @ @ 	large and small, do n't come without obstacles and challenges.
yes	X and Y	rich	famous	poor - rich	(\brich) and (?!poor)(\b\w+)	 Besides going to bat for the 	rich and famous	 of sports, he represents violinist Itzhak Perlman, former @ @ @ @ @ @ @ @ @ @ the Block rock group.
yes	X or Y	difficult	inaccessible	difficult - easy	(\bdifficult) or (?!easy)(\b\w+)	 Mauceri wants to broaden the standard classical fare offered at Bowl concerts here and on tour to popularize composers'works previously considered 	difficult or inaccessible	 - among them Schoenberg, Hindemith, and Berlioz.
yes	X and Y	warm	wet	dry - wet	(?!dry)(\b\w+) and (\bwet)	 It touches your body everywhere, drapes over your head and torso: a 	warm and wet	 electric blanket you ca n't rip off.
yes	X or Y	excellent	good	bad - good	(?!bad)(\b\w+) or (\bgood)	 For example, the California Poll for October 4-9 found 54 percent of Californians rating Bush's job performance as 	excellent or good, 30 percent as fair, and just 15 percent as poor.
yes	X and Y	incredible	active	active - passive	(?!passive)(\b\w+) and (\bactive)	 " But this is a whole new world that no one ever sees; and it's even more 	incredible and active	 than what you can see on land.
yes	from X to Y	low	high	high - low	from (low) to (high)	 But it seems certain that with each change Yellowstone's uneasy terrain wreaks on the thermal plumbing, at least some creatures - 	from low to high	 in the food chain - will likely be affected.
yes	X or Y	old	new	new - old	(old) or (new)	 In fact, the author often brings Rabbit's memories of a more innocent America to a screeching halt with one of Rabbit's crude, anti-erotic descriptions of 	old or new	 passion.
yes	X and Y	corporate	private	private - public	(?!public)(\b\w+) and (\bprivate)	 Donations, including million-dollar 	corporate and private	 grants, ensured the company's return.
yes	X and Y	fast	high	high - low	(?!low)(\b\w+) and (\bhigh)	 In the Midwest, things were n't going up quite as 	fast and high, and I think the fall is n't going to be quite as deep and hard.
yes	X and Y	fast	high	fast - slow	(\bfast) and (?!slow)(\b\w+)	 In the Midwest, things were n't going up quite as 	fast and high, and I think the fall is n't going to be quite as deep and hard.
yes	X and Y	small	polluted	large - small	(\bsmall) and (?!large)(\b\w+)	 While in China, I thought the 	small and polluted	 world my friends lived in was something to which I would never have to return.
yes	X and Y	small	large	large - small	(small) and (large)	 The most common mistake made by publishers - 	small and large	 - is cutting corners on costs of covers.
yes	X and Y	thick	heavy	heavy - light	(?!light)(\b\w+) and (\bheavy)	 The red was 	thick and heavy	 and evinced regal mystique; the green.
yes	X and Y	hot	spicy	cold - hot	(\bhot) and (?!cold)(\b\w+)	 It is delicate, not 	hot and spicy, and it is flavorful and sweet, just like the people.
yes	X, not Y	delicate	hot	cold - hot	(?!cold)(\b\w+), not (\bhot)	 It is 	delicate, not hot	 and spicy, and it is flavorful and sweet, just like the people.
yes	from X to Y	urban	rural	rural - urban	from (urban) to (rural)	 This was a railroad because you could go on a complete journey, 	from urban to rural	 landscape and back.
yes	X and Y	active	creative	active - passive	(\bactive) and (?!passive)(\b\w+)	 Recapitulating and expanding on his earlier " The Great Code, " Frye's new Words with Power shows how the Bible " demands the 	active and creative	 response that the imagination makes to literature and mythology.
yes	X or Y	good	bad	bad - good	(good) or (bad)	 Is it 	good or bad, and why?
yes	X and Y	new	vivid	new - old	(\bnew) and (?!old)(\b\w+)	 Because he has just been told that these places represent something very fundamental about the world he lives in, these places were almost sacred - too 	new and vivid	 for words.
yes	X and Y	good	transcendent	bad - good	(\bgood) and (?!bad)(\b\w+)	 Instead, the incredible vitality of 	good and transcendent	 ideas were ignored in rote favor of names and dates.
yes	X and Y	old	ailing	new - old	(\bold) and (?!new)(\b\w+)	 Key suspects are so 	old and ailing	 that they may not be able to stand trial.
yes	X and Y	simple	easy	difficult - easy	(?!difficult)(\b\w+) and (\beasy)	 " The ideas were so 	simple and easy	 to follow that I took it to the manufacturing floor.
yes	X and Y	large	secretive	large - small	(\blarge) and (?!small)(\b\w+)) Enterprise for comprehensive coverage by its five-member news staff of the 	large and secretive	 Church Universal and Triumphant and its damaging impact on an area adjacent to Yellowstone National Park.
yes	how X or Y	good	famous	bad - good	how (\bgood) or (?!bad)(\b\w+)	 Not to make money, because that just ai n't going to happen no matter 	how good or famous	 you are.
yes	X or Y	good	famous	bad - good	(\bgood) or (?!bad)(\b\w+)	 Not to make money, because that just ai n't going to happen no matter how 	good or famous	 you are.
yes	both X and Y	urban	rural	rural - urban	both (urban) and (rural)	 There are wealthy students and poor students, blacks and whites, Hispanics and Asians, kids from 	both urban and rural	 backgrounds.
yes	X and Y	urban	rural	rural - urban	(urban) and (rural)	 There are wealthy students and poor students, blacks and whites, Hispanics and Asians, kids from both 	urban and rural	 backgrounds.
yes	X and Y	small	environmental	large - small	(\bsmall) and (?!large)(\b\w+)	 Bikers, however, contend that the risk of injury is 	small and environmental	 impact is minimal.
yes	X and Y	NBA	good	bad - good	(?!bad)(\b\w+) and (\bgood)	 It's not bad overseas, there were a lot of ex-	NBA and good	 college players.
yes	X and Y	small	unintrusive	large - small	(\bsmall) and (?!large)(\b\w+)	 Climbers contend the protective devices applied with power drills are so 	small and unintrusive	 as to be invisible to people on the ground.
yes	X and Y	large	profitable	large - small	(\blarge) and (?!small)(\b\w+)	 aid and foreign loans to restart production and a 	large and profitable	 market for Nicaragua's traditional agricultural export crops.
yes	X or Y	old	young	new - old	(\bold) or (?!new)(\b\w+)	 Public hospitals were open but one said it would limit treatment to the very 	old or young, pregnant women and emergency cases.
yes	X and Y	right	religious	right - wrong	(\bright) and (?!wrong)(\b\w+)	 Liberal lawmakers charged that Shamir's Likud Bloc used bribery to forge the coalition of nine small far-	right and religious	 parties, and the rival Labor Party said the new government can not bring peace.
yes	X or Y	hot	real	cold - hot	(\bhot) or (?!cold)(\b\w+)	 It's been either real 	hot or real	 cold.
yes	between X and Y	rich	poor	poor - rich	between (rich) and (poor)	 Differences 	between rich and poor	 have never sat well with the Russians.
yes	X and Y	rich	poor	poor - rich	(rich) and (poor)	 Differences between 	rich and poor	 have never sat well with the Russians.
yes	X and Y	Quick	good	bad - good	(?!bad)(\b\w+) and (\bgood)	 	Quick and good	 football.
yes	X and Y	Tall	long	long - short	(?!short)(\b\w+) and (\blong)	 	Tall and long	 arms.
yes	X or Y	good	bad	bad - good	(good) or (bad)	 If I have anything to say about you, 	good or bad, I'm going to say it to your face and not in the paper.
yes	X and Y	good	bad	bad - good	(good) and (bad)	 If it had n't been for all the things that happened to me - 	good and bad	 - I could not run this race track.
yes	X and Y	alive	well	alive - dead	(\balive) and (?!dead)(\b\w+)	 " The most recent outbreak of violence is merely an indication that the intifida is 	alive and well	 - contrary to predictions about its demise, " said Abdeen Jabara, president of the American-Arab Anti-Discrimination Commitee.
yes	X and Y	large	small	large - small	(large) and (small)	 IBM now owns pieces of more than two dozen software firms, 	large and small, hoping it does n't miss out on any new markets.
yes	X and Y	new	existing	new - old	(\bnew) and (?!old)(\b\w+)	 Realtors and builders also blame high interest rates for slower sales of 	new and existing	 homes.
yes	X and Y	long	hard	hard - soft	(?!soft)(\b\w+) and (\bhard)	 They have to work 	long and hard	 to earn an " A.
yes	X and Y	long	hard	long - short	(\blong) and (?!short)(\b\w+)	 They have to work 	long and hard	 to earn an " A.
yes	X and Y	long	complicated	long - short	(\blong) and (?!short)(\b\w+)	 He's working to have Cheyenne returned to the United States to testify, but the process is 	long and complicated.
yes	X and Y	large	small	large - small	(large) and (small)	 The Value Line composite index, which includes hundreds of stocks 	large and small	 @ @ @ @ @ @ @ @ @ @ stocks alone, as measured by the NASDAQ composite are down 20.
yes	X or Y	right	wrong	right - wrong	(right) or (wrong)	 timing the market absolutely 	right or wrong	 each year.
yes	X and Y	suburban	urban	rural - urban	(?!rural)(\b\w+) and (\burban)	 The bad news for hunters is that as we become more and more of a 	suburban and urban	 society, rural traditions are shared by fewer people.
yes	X and Y	dry	flavorless	dry - wet	(\bdry) and (?!wet)(\b\w+)	 Cook it and it turns out 	dry and flavorless.
yes	X and Y	short	spiky	long - short	(\bshort) and (?!long)(\b\w+)	 His hair is 	short and spiky; he is tan and clean looking.
yes	X and Y	new	different	new - old	(\bnew) and (?!old)(\b\w+)	 What we need is completely 	new and different	 ways of treating this disease.
yes	X and Y	high	mighty	high - low	(\bhigh) and (?!low)(\b\w+)	 We were pretty 	high and mighty.
yes	X and Y	unhappy	pessimistic	optimistic - pessimistic	(?!optimistic)(\b\w+) and (\bpessimistic)	 Educated people who have at last gained some of the freedom and reform they have long sought seem more 	unhappy and pessimistic	 than ever.
yes	X or Y	comfortable	easy	difficult - easy	(?!difficult)(\b\w+) or (\beasy)	 " I do n't want the pursuit of a more 	comfortable or easy	 life to get in the way of growth.
yes	X and Y	cold	wet	cold - hot	(\bcold) and (?!hot)(\b\w+), it was 	cold and wet.
yes	X and Y	cold	wet	dry - wet	(?!dry)(\b\w+) and (\bwet), it was 	cold and wet.
yes	X and Y	rich	poor	poor - rich	(rich) and (poor)	 The overall tax burden -- federal, state and local -- ceased being progressive, so 	rich and poor	 now give about the same percentage of their income to tax collectors.
yes	X and Y	enormous	public	private - public	(?!private)(\b\w+) and (\bpublic)	 Grant's casualties had been 	enormous and public	 patience was fading.
yes	X and Y	environmental	public	private - public	(?!private)(\b\w+) and (\bpublic)	 " This in turn created a major 	environmental and public	 health hazard.
yes	X and Y	large	small	large - small	(large) and (small)	 They took a dozen objects -- major works by masters and minor works as well, pieces 	large and small.
yes	X and Y	new	nifty	new - old	(\bnew) and (?!old)(\b\w+)	 Buyers cruise the @ @ @ @ @ @ @ @ @ @ the stores, " it's called) in search of the 	new and nifty.
yes	X or Y	wrong	right	right - wrong	(wrong) or (right)	 The press is trained to get their headline; somebody being 	wrong or right	 and get as explicit language as possible.
yes	X and Y	new	expanded	new - old	(\bnew) and (?!old)(\b\w+)	 Consumer demand is the driving force behind the development of 	new and expanded	 services and enhanced quality.
yes	X and Y	good	economical	bad - good	(\bgood) and (?!bad)(\b\w+)	 Then, if it is 	good and economical, we buy it.
yes	between X and Y	high	low	high - low	between (high) and (low)	 Even though its National Health Service offers free care at the time of service, Great Britain also has a great disparity in infant deaths 	between high and low	 socioeconomic groups.
yes	X and Y	high	low	high - low	(high) and (low)	 Even though its National Health Service offers free care at the time of service, Great Britain also has a great disparity in infant deaths between 	high and low	 socioeconomic groups.
yes	X and Y	high	mighty	high - low	(\bhigh) and (?!low)(\b\w+)	 Heads nodded and little glances of satisfaction were exchanged by the 	high and mighty.
yes	X and Y	difficult	abrasive	difficult - easy	(\bdifficult) and (?!easy)(\b\w+)	 Often regarded as 	difficult and abrasive, he had the virtue of being obsessed with books, and was devoted for three decades to a publishing house he did n't even own.
yes	X and Y	large	prosperous	large - small	(\blarge) and (?!small)(\b\w+)	 " We did not have the temptation that you have in a 	large and prosperous	 house to be more generous with yourself and others, " says Wolff.
yes	X and Y	costly	difficult	difficult - easy	(?!easy)(\b\w+) and (\bdifficult)	 Local elected officials, fearing the regulations would be too 	costly and difficult	 to implement, asked him to oppose them.
yes	either X or Y	bewildered	pessimistic	optimistic - pessimistic	either (?!optimistic)(\b\w+) or (\bpessimistic)	 Now, less than a week before it is required to send a report on its findings to Congress, several of the congressional appointees sound 	either bewildered or pessimistic.
yes	X or Y	bewildered	pessimistic	optimistic - pessimistic	(?!optimistic)(\b\w+) or (\bpessimistic)	 Now, less than a week before it is required to send a report on its findings to Congress, several of the congressional appointees sound either 	bewildered or pessimistic.
yes	X and Y	clean	sober	drunk - sober	(?!drunk)(\b\w+) and (\bsober)	 " We want them to begin to recognize that they have some potential and that they can take charge of their lives and develop relationships with people who are 	clean and sober.
yes	X and Y	urban	rural	rural - urban	(urban) and (rural)	 Only a very few use the word poverty to describe both the 	urban and rural	 legacy of collectivization, but there is no other word for it.
yes	X and Y	wet	sullen	dry - wet	(\bwet) and (?!dry)(\b\w+)	 Ged crouched among the dripping bushes 	wet and sullen, and wondered what was the good of having power if you were too wise to use it.
yes	X and Y	light	fun	heavy - light	(\blight) and (?!heavy)(\b\w+)	 " And later, when I met June Scobee the wife of flight commander Dick Scobee, she told me that Onizuka was very 	light and fun	 and the type who told lots of jokes.
yes	X and Y	hot	energetic	cold - hot	(\bhot) and (?!cold)(\b\w+)	 " The music is very 	hot and energetic	 and at the same time very complex and sophisticated.
yes	X and Y	hard	heavy	hard - soft	(\bhard) and (?!soft)(\b\w+)	 Rain continued 	hard and heavy	 for five days, causing floods on the river and its tributaries upstream from Lake Texoma.
yes	X and Y	hard	heavy	heavy - light	(?!light)(\b\w+) and (\bheavy)	 Rain continued 	hard and heavy	 for five days, causing floods on the river and its tributaries upstream from Lake Texoma.
yes	X and Y	old	untended	new - old	(\bold) and (?!new)(\b\w+)	 On the other side, in Little River County, the levees were 	old and untended.
yes	X or Y	small	troubled	large - small	(\bsmall) or (?!large)(\b\w+)	 " By one informal estimate, credit-tightening is affecting about one-fourth of the Washington area's businesses -- probably real estate firms and 	small or troubled	 enterprises in other industries.
yes	X or Y	hot	cold	cold - hot	(hot) or (cold)	 The pie can be served 	hot or cold, and can be frozen for later use.
yes	X or Y	bad	misleading	bad - good	(\bbad) or (?!good)(\b\w+)	 " These programs give the industries an @ @ @ @ @ @ @ @ @ @ and counteract 	bad or misleading	 information.
yes	X and Y	frustrating	sad	happy - sad	(?!happy)(\b\w+) and (\bsad)	 " But it's also been the most 	frustrating and sad.
yes	X and Y	sad	unfortunate	happy - sad	(\bsad) and (?!happy)(\b\w+)	 Dinkins said such protests would be " 	sad and unfortunate	 and tactically very, very unwise " because some blacks might take " great umbrage.
yes	X and Y	high	aggravated	high - low	(\bhigh) and (?!low)(\b\w+)	 (After this highly publicized case, the Georgia legislature reclassified hazing as a " 	high and aggravated	 " misdemeanor, punishable by 12 months in prison or a $ 5,000 fine.
yes	X and Y	private	corporate	private - public	(\bprivate) and (?!public)(\b\w+)	 Lots of houses sitting unsold, but more than 400 takeoffs and landings by 	private and corporate	 jets and helicopters at East Hampton's miniature airport one recent Sunday.
yes	X or Y	Alive	dead	alive - dead	(?!alive)(\b\w+) or (\bdead)	 Hicks how many cows she has, she replies: " 	Alive or dead?
yes	X and Y	old	wise	new - old	(\bold) and (?!new)(\b\w+)	 Part of it is an element of the unknown -- these things were used by people who were 	old and wise	 and had great knowledge.
yes	X and Y	good	tired	bad - good	(\bgood) and (?!bad)(\b\w+)	 I mean, at some point you get 	good and tired	 of it.
yes	X and Y	rich	poor	poor - rich	(rich) and (poor)	 This loose confederation unites East and West, 	rich and poor, traditional U.
yes	X and Y	small	insignificant	large - small	(\bsmall) and (?!large)(\b\w+)'This is my attempt at protest, however 	small and insignificant.
yes	both X and Y	public	private	private - public	both (public) and (private)	 @ @ @ @ @ @ @ @ @ @ things up for your kid, " says one mother who has tried 	both public and private	 eduation.
yes	X and Y	public	private	private - public	(public) and (private)	 @ @ @ @ @ @ @ @ @ @ things up for your kid, " says one mother who has tried both 	public and private	 eduation.
yes	X and Y	cheap	easy	difficult - easy	(?!difficult)(\b\w+) and (\beasy)	 Our 	cheap and easy	 oil has long since been found and burned; America is punctured by 600,000 wells compared to 6,000 in the Middle East.
yes	X and Y	rich	splendiferous	poor - rich	(\brich) and (?!poor)(\b\w+)	 And in elegant Vienna, the most regal of Europe's capitals, it's wonderfully easy to imagine you hold claim to a 	rich and splendiferous	 throne.
yes	X and Y	rich	poor	poor - rich	(rich) and (poor)	 The data he collected shows the gap between the 	rich and poor	 increased dramatically during the 1980s.
yes	X or Y	driving	bad	bad - good	(?!good)(\b\w+) or (\bbad)	 We are no longer up against bad 	driving or bad	 engineering.
yes	X and Y	rural	agricultural	rural - urban	(\brural) and (?!urban)(\b\w+)	 People come here because it's 	rural and agricultural, and that could be ruined.
yes	X and Y	phony	soft	hard - soft	(?!hard)(\b\w+) and (\bsoft)	 He has little use for most color photographs in newspapers, calling them " 	phony and soft.
yes	X and Y	short	airy	long - short	(\bshort) and (?!long)(\b\w+)	 In many cases, 	short and airy	 sounds like it's going to be cheaper.
yes	neither X nor Y	small	frail	large - small	neither (\bsmall) nor (?!large)(\b\w+)	 Though 	neither small nor frail, he always seemed to hold back when other children his age played at full-throttle.
yes	X or Y	new	changed	new - old	(\bnew) or (?!old)(\b\w+)	 This could include 	new or changed	 facilities, frequency allocations, antenna design or related matters of broadcast engineering.
yes	X and Y	old	venerable	new - old	(\bold) and (?!new)(\b\w+)	 " Something that is an adventure story but also something that is 	old and venerable	 enough that teachers generally approve their students knowing more about, " says Carlston.
yes	X and Y	urban	suburban	rural - urban	(\burban) and (?!rural)(\b\w+)	 This pave and paw up is epidemic 	urban and suburban	 wide.
yes	X and Y	small	uncertain	large - small	(\bsmall) and (?!large)(\b\w+)	 The " 	small and uncertain	 @ @ @ @ @ @ @ @ @ @ treacherous.
yes	X and Y	small	squarish	large - small	(\bsmall) and (?!large)(\b\w+)	 Both books, incidentally, are visual and tactile treats, " The Company of Dogs " 	small and squarish	 like a missal, " The Literary Dog " wide and hefty like an album.
yes	X or Y	old	modern	new - old	(\bold) or (?!new)(\b\w+)	 Thousands, even millions of dollars may ride on determinations of the authenticity and caliber of works attributed to 	old or modern	 masters.
yes	X and Y	noble	true	false - true	(?!false)(\b\w+) and (\btrue)	 Blochwitz's ringing tenor produces a glorious sound, 	noble and true; his sweet, shapely account of " Un'aura amorosa " is memorable.
yes	X and Y	clean	sober	drunk - sober	(?!drunk)(\b\w+) and (\bsober)	 She has been 	clean and sober	 for two years, she says, after 30 years of heroin addiction.
yes	X and Y	big	small	large - small	(?!large)(\b\w+) and (\bsmall)	 Farm pigs 	big and small	 have traditionally cooled off in the mucky stuff because they do not sweat.
yes	X and Y	big	heavy	heavy - light	(?!light)(\b\w+) and (\bheavy)	 If they are n't handled properly, they can get too 	big and heavy.
yes	X or Y	quick	slow	fast - slow	(?!fast)(\b\w+) or (\bslow)	 Walking a mile burns 100 calories, whether the pace is 	quick or slow.
yes	X and Y	long	acrimonious	long - short	(\blong) and (?!short)(\b\w+)	 After his 	long and acrimonious	 separation from the company, Fernando Bujones returned, danced boldly and was cheered.
yes	X and Y	cold	gray	cold - hot	(\bcold) and (?!hot)(\b\w+)	 The August morning was 	cold and gray, still shrouded in damp fog.
yes	X and Y	solid	rich	poor - rich	(?!poor)(\b\w+) and (\brich)	 And through this relationship, and relationships with other Mexican families thrust into this agricultural society, I got an education as 	solid and rich	 as the earth we worked.
yes	X and Y	rich	immense	poor - rich	(\brich) and (?!poor)(\b\w+)	 Costumes are 	rich and immense, festooned in autumn colors representing a princely palette of golds, reds, goldenrods and maroons.
yes	X and Y	small	large	large - small	(small) and (large)	 Board members insist there are few issues that divide the Chamber's 	small and large	 businesses.
yes	X and Y	good	useful	bad - good	(\bgood) and (?!bad)(\b\w+)	 Like modern physics, it's a system that's expected to be 	good and useful	 for a while and then be replaced by something better.
yes	X and Y	large	complex	large - small	(\blarge) and (?!small)(\b\w+)	 It takes a lot of effort and a lot of time to turn around an operation as 	large and complex	 as this one.
yes	X or Y	dull	false	false - true	(?!true)(\b\w+) or (\bfalse)	 " The Piano Lesson " moves easily and naturally through its nearly three hours, but it flies by without a 	dull or false	 moment.
yes	X and Y	drunk	vulnerable	drunk - sober	(\bdrunk) and (?!sober)(\b\w+)	 Rather, they looked like a toothless, punch-	drunk and vulnerable	 old champ trying to clutch and grab and wait for the bell to save him.
yes	X and Y	new	used	new - old	(\bnew) and (?!old)(\b\w+)	 Zillions of 	new and used	 books on every subject in the free world line the shelves.
yes	X and Y	cold	clammy	cold - hot	(\bcold) and (?!hot)(\b\w+)	 And like an oyster, it's 	cold and clammy, which some people never get over.
yes	X and Y	large	controversial	large - small	(\blarge) and (?!small)(\b\w+)	 And his screenplay, " Out of the Rain, " has just @ @ @ @ @ @ @ @ @ @ " Beijing Legends " is a 	large and controversial	 undertaking.
yes	X and Y	fast	affordable	fast - slow	(\bfast) and (?!slow)(\b\w+)	 Often, these ads make the surgery seem 	fast and affordable, promising spectacular results.
yes	X or Y	false	meaningless	false - true	(\bfalse) or (?!true)(\b\w+)	 Often ads mention 	false or meaningless	 credentials, such as describing a physician as a " board certified cosmetic surgeon, " when no recognized medical board with that title exists.
yes	X or Y	wonderful	easy	difficult - easy	(?!difficult)(\b\w+) or (\beasy)	 Not all of it will be 	wonderful or easy.
yes	from X to Y	low	high	high - low	from (low) to (high)	 And as cattle are moved 	from low to high	 pasture land, he said, the weed usually goes along.
yes	both X and Y	rich	poor	poor - rich	both (rich) and (poor)	 I read, for example, that the state court of Appeal has forbidden San Francisco's homeless from sleeping overnight in cars, saying that the ruling is not discriminatory because it applies to 	both rich and poor.
yes	X and Y	rich	poor	poor - rich	(rich) and (poor)	 I read, for example, that the state court of Appeal has forbidden San Francisco's homeless from sleeping overnight in cars, saying that the ruling is not discriminatory because it applies to both 	rich and poor.
yes	X and Y	male	female	female - male	(male) and (female)	 If you can afford one, make sure it has a direct link to police, says Figgie International, which surveyed 589 	male and female	 prisoners convicted of property crimes.
yes	X and Y	creamy	rich	poor - rich	(?!poor)(\b\w+) and (\brich)	 The lime-cilantro-jalapeno ice cream, though it sounds weird, is exhilarating; the mango-guava is 	creamy and rich.
yes	X and Y	age	old	new - old	(?!new)(\b\w+) and (\bold)	 Young, middle-	age and old	 people came from all over the world to see and feel the love, peace and happiness that were blowing in the Haight.
yes	X and Y	private	peaceful	private - public	(\bprivate) and (?!public)(\b\w+)	 My fear is that incited, irrational Palestinian women and children (rarely does one see adult males) will attempt to stone us during this most 	private and peaceful	 of moments.
yes	X and Y	young	old	new - old	(?!new)(\b\w+) and (\bold)	 Horizons for 	young and old	 alike are so limited that high school football is the biggest thing in their empty, boring lives.
yes	X and Y alike	young	old	new - old	(?!new)(\b\w+) and (\bold) alike	 Horizons for 	young and old alike	 are so limited that high school football is the biggest thing in their empty, boring lives.
yes	X and Y	poor	middle	poor - rich	(\bpoor) and (?!rich)(\b\w+)	 Hopefully, our environment and the 	poor and middle	 classes wo n't have to suffer for eight years like they did with Reagan and Bush will just go down in the next election.
yes	X and Y	soft	translucent	hard - soft	(\bsoft) and (?!hard)(\b\w+)	 Add the sliced onions and garlic and cook over medium heat until 	soft and translucent, but not browned.
yes	X and Y	great	bad	bad - good	(?!good)(\b\w+) and (\bbad)'As if I sat amongst two piles of scripts, 	great and bad, and said,'Oh, let me do these s- - - - - scripts.
yes	X and Y	wide	low	high - low	(?!high)(\b\w+) and (\blow)	 You have the @ @ @ @ @ @ @ @ @ @ umpires call a very 	wide and low	 strike zone.
yes	X and Y	clean	good	bad - good	(?!bad)(\b\w+) and (\bgood)	 The taste is 	clean and good.
yes	X or Y	right	wrong	right - wrong	(right) or (wrong)	 Whether all the ideas were 	right or wrong, were on or off, there was such vitality to it.
yes	X and Y	difficult	bloodier	difficult - easy	(\bdifficult) and (?!easy)(\b\w+)	 If this malignant dictator is allowed to keep his weapons of mass destruction, we assure a much more 	difficult and bloodier	 fight down the road.
yes	X and Y	new	fresh	new - old	(\bnew) and (?!old)(\b\w+)	 " " The audience was looking for something 	new and fresh, " he says.
yes	X and Y	open	small	large - small	(?!large)(\b\w+) and (\bsmall)	 It was urban, 	open and small.
yes	either too X or too Y	easy	difficult	difficult - easy	either too (easy) or too (difficult)	 The game is hampered by the fact that the questions tend to be 	either too easy or too difficult, so winning is just a matter of luck.
yes	X and Y	hot	cold	cold - hot	(hot) and (cold)	 Downstairs @ @ @ @ @ @ @ @ @ @ sauna and 	hot and cold	 tubs.
yes	X and Y	rich	poor	poor - rich	(rich) and (poor)	 " Really means nothing just 	rich and poor	 / Drink sake after 5 throwing up everywhere / Kam pai (" here's to ") the big business.
yes	X or Y	long	strong	long - short	(\blong) or (?!short)(\b\w+)	 He does not have a 	long or strong	 pro-environment record, analysts say.
yes	X and Y	long	deep	long - short	(\blong) and (?!short)(\b\w+)	 Chileans take pride in their 	long and deep	 tradition of democratic civility.
yes	X and Y	hard	unfair	hard - soft	(\bhard) and (?!soft)(\b\w+)	 This part of the life just seemed too 	hard and unfair.
yes	X and Y	small	neat	large - small	(\bsmall) and (?!large)(\b\w+)	 Our backyard is 	small and neat.
